-------,Fuse-I000,Fuse-I000,Fuse-I000,Fuse-I000,Fuse-I000,-------,
Fuse-I000,Fuse-I000,Fuse-I000,-------,Fuse-I000,Fuse-I000,Fuse-I000,
Fuse-I000,Fuse-I000,Fuse-I000,-------,Fuse-I000,Fuse-I000,Fuse-I000,
Fuse-I000,-------,-------,Fuse-I000,-------,-------,Fuse-I000,
Fuse-I000,Fuse-I000,Fuse-I000,-------,Fuse-I000,Fuse-I000,Fuse-I000,
Fuse-I000,Fuse-I000,Fuse-I000,-------,Fuse-I000,Fuse-I000,Fuse-I000,
-------,Fuse-I000,Fuse-I000,Fuse-I000,Fuse-I000,Fuse-I000,-------,
!n
-------,-------,-------,-------,-------,-------,-------,
-------,-------,-------,-------,-------,-------,-------,
-------,-------,-------,-------,-------,-------,-------,
-------,-------,-------,-------,-------,-------,-------,
-------,-------,-------,-------,-------,-------,-------,
-------,-------,-------,-------,-------,-------,-------,
-------,-------,-------,-------,-------,-------,-------,
!n
-------,-------,-------,-------,-------,-------,-------,
-------,-------,-------,-------,-------,-------,-------,
-------,-------,-------,-------,-------,-------,-------,
-------,-------,-------,-------,-------,-------,-------,
-------,-------,-------,-------,-------,-------,-------,
-------,-------,-------,-------,-------,-------,-------,
-------,-------,-------,-------,-------,-------,-------,
!n
-------,-------,-------,-------,-------,-------,-------,
-------,-------,-------,-------,-------,-------,-------,
-------,-------,-------,-------,-------,-------,-------,
-------,-------,-------,-------,-------,-------,-------,
-------,-------,-------,-------,-------,-------,-------,
-------,-------,-------,-------,-------,-------,-------,
-------,-------,-------,-------,-------,-------,-------,
!n
-------,-------,-------,-------,-------,-------,-------,
-------,-------,-------,-------,-------,-------,-------,
-------,-------,-------,-------,-------,-------,-------,
-------,-------,-------,-------,-------,-------,-------,
-------,-------,-------,-------,-------,-------,-------,
-------,-------,-------,-------,-------,-------,-------,
-------,-------,-------,-------,-------,-------,-------,
!n
